<?xml version="1.0" encoding="UTF-8"?>
<plist version="1.0">
<dict>
	<key>Application Version</key>
	<string>9.4</string>
	<key>Archive Path</key>
	<string>/Users/Lisa/Pictures/iPhoto Library.photolibrary</string>
	<key>ArchiveId</key>
	<string>1</string>
	<key>Major Version</key>
	<integer>2</integer>
	<key>Minor Version</key>
	<integer>0</integer>
	<key>List of Albums</key>
	<array>
		<dict>
			<key>AlbumId</key>
			<integer>4</integer>
			<key>AlbumName</key>
			<string>Photos</string>
			<key>Album Type</key>
			<string>99</string>
			<key>GUID</key>
			<string>allPhotosAlbum</string>
			<key>Master</key><true/>
			<key>KeyList</key>
			<array>
			</array>
			<key>PhotoCount</key>
			<integer>0</integer>
		</dict>
		<dict>
			<key>AlbumId</key>
			<integer>10</integer>
			<key>AlbumName</key>
			<string>Flagged</string>
			<key>Album Type</key>
			<string>Flagged</string>
			<key>GUID</key>
			<string>flaggedAlbum</string>
			<key>Sort Order</key>
			<string>1</string>
			<key>KeyList</key>
			<array>
			</array>
			<key>PhotoCount</key>
			<integer>0</integer>
		</dict>
		<dict>
			<key>AlbumId</key>
			<integer>7</integer>
			<key>AlbumName</key>
			<string>Last 12 Months</string>
			<key>Album Type</key>
			<string>Special Month</string>
			<key>GUID</key>
			<string>lastNMonthsAlbum</string>
			<key>Sort Order</key>
			<string>1</string>
			<key>KeyList</key>
			<array>
			</array>
			<key>PhotoCount</key>
			<integer>0</integer>
		</dict>
		<dict>
			<key>AlbumId</key>
			<integer>8</integer>
			<key>AlbumName</key>
			<string>Last Import</string>
			<key>Album Type</key>
			<string>Regular</string>
			<key>GUID</key>
			<string>lastImportAlbum</string>
			<key>TransitionSpeed</key>
			<real>1.000000</real>
			<key>ShuffleSlides</key><false/>
			<key>Sort Order</key>
			<string>1</string>
			<key>KeyList</key>
			<array>
			</array>
			<key>PhotoCount</key>
			<integer>0</integer>
		</dict>
	</array>
	<key>List of Rolls</key>
	<array>
	</array>
	<key>List of Faces</key>
	<dict>
	</dict>
	<key>Master Image List</key>
	<dict>
	</dict>
</dict>
</plist>
